program_id,instructions,functions,basic_blocks,branches,cond_branches,uncond_branches,switches,indirect_branches,loads,stores,allocas,geps,int_arith,fp_arith,comparisons,casts,calls,indirect_calls,phis,selects,loop_backedges,instr_per_bb,branch_ratio,cond_branch_ratio,load_ratio,store_ratio,mem_ratio,arith_ratio,call_ratio,phi_ratio,source_file,baseline_O2,baseline_Oz,best_candidate,best_candidate_size,total_candidates,split
PG001,53,2,4,4,1,3,0,0,12,9,9,4,4,0,1,5,3,0,0,0,1,13.25,0.0755,0.0189,0.2264,0.1698,0.6415,0.0755,0.0566,0.0,benchmarks/train/PG001_vec_dot.c,241,241,S04,97,32,train
PG002,140,2,20,20,5,15,0,0,35,20,13,19,13,0,5,12,1,0,0,0,5,7.0,0.1429,0.0357,0.25,0.1429,0.6214,0.0929,0.0071,0.0,benchmarks/train/PG002_matrix_mult.c,710,710,S20,391,32,train
PG003,75,2,10,10,3,7,0,0,20,11,8,9,7,0,3,4,1,0,0,0,2,7.5,0.1333,0.04,0.2667,0.1467,0.64,0.0933,0.0133,0.0,benchmarks/train/PG003_prefix_sum.c,294,294,S03,148,32,train
PG004,91,3,8,8,3,5,0,0,30,14,9,7,8,0,3,4,5,0,0,0,1,11.375,0.0879,0.033,0.3297,0.1538,0.6593,0.0879,0.0549,0.0,benchmarks/train/PG004_array_rotate.c,224,224,S16,224,32,train
PG006,91,2,12,12,4,8,0,0,27,12,8,9,9,0,4,6,2,0,0,0,2,7.5833,0.1319,0.044,0.2967,0.1319,0.6154,0.0989,0.022,0.0,benchmarks/train/PG006_bubble_sort.c,221,221,S06,205,32,train
PG007,76,2,9,9,3,6,0,0,23,10,7,8,6,0,3,5,2,0,1,0,2,8.4444,0.1184,0.0395,0.3026,0.1316,0.6316,0.0789,0.0263,0.0132,benchmarks/train/PG007_insertion_sort.c,269,269,S08,157,32,train
PG008,90,2,12,12,4,8,0,0,30,12,8,9,5,0,4,6,2,0,0,0,2,7.5,0.1333,0.0444,0.3333,0.1333,0.6556,0.0556,0.0222,0.0,benchmarks/train/PG008_selection_sort.c,367,367,S05,191,32,train
PG009,77,2,9,9,3,6,0,0,20,13,11,4,7,0,4,3,3,0,0,1,1,8.5556,0.1169,0.039,0.2597,0.1688,0.6234,0.0909,0.039,0.0,benchmarks/train/PG009_binary_search.c,164,164,S02,164,32,train
PG011,32,2,5,5,2,3,0,0,6,6,4,0,4,0,2,0,3,0,0,0,0,6.4,0.1562,0.0625,0.1875,0.1875,0.5,0.125,0.0938,0.0,benchmarks/train/PG011_fib_recursive.c,114,114,S04,114,32,train
PG012,27,2,3,3,1,2,0,0,5,5,4,0,3,0,1,2,2,0,0,0,0,9.0,0.1111,0.037,0.1852,0.1852,0.5185,0.1111,0.0741,0.0,benchmarks/train/PG012_factorial.c,83,83,S06,83,32,train
PG013,47,2,3,3,1,2,0,0,14,11,8,0,5,0,1,0,3,0,0,0,0,15.6667,0.0638,0.0213,0.2979,0.234,0.7021,0.1064,0.0638,0.0,benchmarks/train/PG013_hanoi.c,122,122,S05,122,32,train
PG014,42,2,6,6,3,3,0,0,10,7,5,0,5,0,3,0,4,0,0,0,0,7.0,0.1429,0.0714,0.2381,0.1667,0.5238,0.119,0.0952,0.0,benchmarks/train/PG014_ackermann.c,103,103,S02,103,32,train
PG016,48,2,5,5,2,3,0,0,13,10,6,0,8,0,2,1,1,0,0,0,1,9.6,0.1042,0.0417,0.2708,0.2083,0.6042,0.1667,0.0208,0.0,benchmarks/train/PG016_fast_power.c,205,205,S01,141,32,train
PG017,62,3,7,7,3,4,0,0,15,12,9,0,5,0,3,5,3,0,0,0,1,8.8571,0.1129,0.0484,0.2419,0.1935,0.5806,0.0806,0.0484,0.0,benchmarks/train/PG017_gcd_lcm.c,188,188,S02,156,32,train
PG018,94,2,20,20,6,14,0,0,24,16,8,6,7,0,6,4,1,0,0,0,4,4.7,0.2128,0.0638,0.2553,0.1702,0.5745,0.0745,0.0106,0.0,benchmarks/train/PG018_sieve.c,414,302,S05,206,32,train
PG019,68,2,13,13,5,8,0,0,18,14,8,0,1,5,5,1,1,0,0,0,1,5.2308,0.1912,0.0735,0.2647,0.2059,0.5882,0.0882,0.0147,0.0,benchmarks/train/PG019_sqrt_newton.c,182,182,S04,182,32,train
PG021,51,2,4,4,1,3,0,0,12,8,5,1,15,0,1,1,2,0,0,0,1,12.75,0.0784,0.0196,0.2353,0.1569,0.5098,0.2941,0.0392,0.0,benchmarks/train/PG021_popcount.c,199,199,S03,129,32,train
PG022,65,2,11,11,3,8,0,0,14,12,8,2,9,0,3,2,2,0,0,0,2,5.9091,0.1692,0.0462,0.2154,0.1846,0.5538,0.1385,0.0308,0.0,benchmarks/train/PG022_crc32.c,185,185,S03,121,32,train
PG023,48,2,2,0,0,0,0,0,11,7,3,0,24,0,0,0,1,0,0,0,0,24.0,0.0,0.0,0.2292,0.1458,0.4375,0.5,0.0208,0.0,benchmarks/train/PG023_bit_reverse.c,98,98,S01,98,32,train
PG024,55,2,4,4,1,3,0,0,18,9,6,0,14,0,1,0,1,0,0,0,1,13.75,0.0727,0.0182,0.3273,0.1636,0.6,0.2545,0.0182,0.0,benchmarks/train/PG024_lfsr_prng.c,123,123,S06,123,32,train
PG025,49,3,6,6,2,4,0,0,10,10,7,5,1,0,2,3,2,0,0,0,2,8.1667,0.1224,0.0408,0.2041,0.2041,0.6531,0.0204,0.0408,0.0,benchmarks/train/PG025_string_ops.c,115,115,S02,115,32,train
PG027,62,2,6,6,2,4,0,0,14,11,10,6,1,0,3,4,4,0,0,1,1,10.3333,0.0968,0.0323,0.2258,0.1774,0.6613,0.0161,0.0645,0.0,benchmarks/train/PG027_palindrome.c,159,159,S09,159,32,train
PG028,98,2,12,12,5,7,0,0,26,17,11,7,7,0,5,8,2,0,1,0,2,8.1667,0.1224,0.051,0.2653,0.1735,0.6224,0.0714,0.0204,0.0102,benchmarks/train/PG028_run_length.c,235,235,S10,235,32,train
PG036,40,2,6,6,2,4,0,0,8,8,5,0,7,0,2,0,2,0,0,0,1,6.6667,0.15,0.05,0.2,0.2,0.525,0.175,0.05,0.0,benchmarks/train/PG036_collatz.c,98,98,S08,98,32,train
PG037,147,2,22,22,6,16,0,0,37,20,14,11,13,0,6,18,2,0,2,0,4,6.6818,0.1497,0.0408,0.2517,0.1361,0.5578,0.0884,0.0136,0.0136,benchmarks/train/PG037_cellular_automata.c,301,301,S02,250,32,train
PG038,79,3,4,4,1,3,0,0,24,16,13,0,2,10,1,1,5,0,0,0,1,19.75,0.0506,0.0127,0.3038,0.2025,0.6709,0.1519,0.0633,0.0,benchmarks/train/PG038_runge_kutta.c,291,291,S08,291,32,train
PG039,183,4,26,26,9,17,0,0,46,26,18,24,13,0,9,9,6,0,2,0,3,7.0385,0.1421,0.0492,0.2514,0.1421,0.623,0.071,0.0328,0.0109,benchmarks/train/PG039_hash_table.c,504,504,S08,328,32,train
