program_id,source_file,baseline_O2,baseline_Oz,best_candidate,best_candidate_size,total_candidates
PG001,benchmarks/train/PG001_vec_dot.c,241,241,S04,97,32
PG002,benchmarks/train/PG002_matrix_mult.c,710,710,S20,391,32
PG003,benchmarks/train/PG003_prefix_sum.c,294,294,S03,148,32
PG004,benchmarks/train/PG004_array_rotate.c,224,224,S16,224,32
PG005,benchmarks/test/PG005_conv2d.c,636,636,S04,346,32
PG006,benchmarks/train/PG006_bubble_sort.c,221,221,S06,205,32
PG007,benchmarks/train/PG007_insertion_sort.c,269,269,S08,157,32
PG008,benchmarks/train/PG008_selection_sort.c,367,367,S05,191,32
PG009,benchmarks/train/PG009_binary_search.c,164,164,S02,164,32
PG010,benchmarks/test/PG010_quicksort.c,315,315,S01,315,32
PG011,benchmarks/train/PG011_fib_recursive.c,114,114,S04,114,32
PG012,benchmarks/train/PG012_factorial.c,83,83,S06,83,32
PG013,benchmarks/train/PG013_hanoi.c,122,122,S05,122,32
PG014,benchmarks/train/PG014_ackermann.c,103,103,S02,103,32
PG015,benchmarks/test/PG015_tree_traverse.c,102,102,S05,102,32
PG016,benchmarks/train/PG016_fast_power.c,205,205,S01,141,32
PG017,benchmarks/train/PG017_gcd_lcm.c,188,188,S02,156,32
PG018,benchmarks/train/PG018_sieve.c,414,302,S05,206,32
PG019,benchmarks/train/PG019_sqrt_newton.c,182,182,S04,182,32
PG020,benchmarks/test/PG020_horner_eval.c,256,256,S05,144,32
PG021,benchmarks/train/PG021_popcount.c,199,199,S03,129,32
PG022,benchmarks/train/PG022_crc32.c,185,185,S03,121,32
PG023,benchmarks/train/PG023_bit_reverse.c,98,98,S01,98,32
PG024,benchmarks/train/PG024_lfsr_prng.c,123,123,S06,123,32
PG025,benchmarks/train/PG025_string_ops.c,115,115,S02,115,32
PG026,benchmarks/test/PG026_str_search.c,145,145,S05,145,32
PG027,benchmarks/train/PG027_palindrome.c,159,159,S09,159,32
PG028,benchmarks/train/PG028_run_length.c,235,235,S10,235,32
PG029,benchmarks/val/PG029_linked_list.c,92,92,S03,92,32
PG030,benchmarks/val/PG030_ring_buffer.c,289,289,S06,242,32
PG031,benchmarks/val/PG031_min_heap.c,278,278,S08,278,32
PG032,benchmarks/val/PG032_struct_stats.c,199,199,S04,135,32
PG033,benchmarks/val/PG033_state_machine.c,166,166,S02,140,32
PG034,benchmarks/val/PG034_opcode_interpreter.c,137,137,S03,137,32
PG035,benchmarks/test/PG035_decision_tree.c,160,160,S04,160,32
PG036,benchmarks/train/PG036_collatz.c,98,98,S08,98,32
PG037,benchmarks/train/PG037_cellular_automata.c,301,301,S02,250,32
PG038,benchmarks/train/PG038_runge_kutta.c,291,291,S08,291,32
PG039,benchmarks/train/PG039_hash_table.c,504,504,S08,328,32
PG040,benchmarks/test/PG040_knapsack.c,294,294,S05,294,32
