program_id,instructions,functions,basic_blocks,branches,cond_branches,uncond_branches,switches,indirect_branches,loads,stores,allocas,geps,int_arith,fp_arith,comparisons,casts,calls,indirect_calls,phis,selects,loop_backedges,instr_per_bb,branch_ratio,cond_branch_ratio,load_ratio,store_ratio,mem_ratio,arith_ratio,call_ratio,phi_ratio
PG001,53,2,4,4,1,3,0,0,12,9,9,4,4,0,1,5,3,0,0,0,1,13.25,0.0755,0.0189,0.2264,0.1698,0.6415,0.0755,0.0566,0.0
PG002,140,2,20,20,5,15,0,0,35,20,13,19,13,0,5,12,1,0,0,0,5,7.0,0.1429,0.0357,0.25,0.1429,0.6214,0.0929,0.0071,0.0
PG003,75,2,10,10,3,7,0,0,20,11,8,9,7,0,3,4,1,0,0,0,2,7.5,0.1333,0.04,0.2667,0.1467,0.64,0.0933,0.0133,0.0
PG004,91,3,8,8,3,5,0,0,30,14,9,7,8,0,3,4,5,0,0,0,1,11.375,0.0879,0.033,0.3297,0.1538,0.6593,0.0879,0.0549,0.0
PG005,139,2,24,24,6,18,0,0,32,20,14,13,17,0,6,8,3,0,0,0,6,5.7917,0.1727,0.0432,0.2302,0.1439,0.5683,0.1223,0.0216,0.0
PG006,91,2,12,12,4,8,0,0,27,12,8,9,9,0,4,6,2,0,0,0,2,7.5833,0.1319,0.044,0.2967,0.1319,0.6154,0.0989,0.022,0.0
PG007,76,2,9,9,3,6,0,0,23,10,7,8,6,0,3,5,2,0,1,0,2,8.4444,0.1184,0.0395,0.3026,0.1316,0.6316,0.0789,0.0263,0.0132
PG008,90,2,12,12,4,8,0,0,30,12,8,9,5,0,4,6,2,0,0,0,2,7.5,0.1333,0.0444,0.3333,0.1333,0.6556,0.0556,0.0222,0.0
PG009,77,2,9,9,3,6,0,0,20,13,11,4,7,0,4,3,3,0,0,1,1,8.5556,0.1169,0.039,0.2597,0.1688,0.6234,0.0909,0.039,0.0
PG010,120,4,8,8,3,5,0,0,42,18,15,9,8,0,3,6,7,0,0,0,1,15.0,0.0667,0.025,0.35,0.15,0.7,0.0667,0.0583,0.0
PG011,32,2,5,5,2,3,0,0,6,6,4,0,4,0,2,0,3,0,0,0,0,6.4,0.1562,0.0625,0.1875,0.1875,0.5,0.125,0.0938,0.0
PG012,27,2,3,3,1,2,0,0,5,5,4,0,3,0,1,2,2,0,0,0,0,9.0,0.1111,0.037,0.1852,0.1852,0.5185,0.1111,0.0741,0.0
PG013,47,2,3,3,1,2,0,0,14,11,8,0,5,0,1,0,3,0,0,0,0,15.6667,0.0638,0.0213,0.2979,0.234,0.7021,0.1064,0.0638,0.0
PG014,42,2,6,6,3,3,0,0,10,7,5,0,5,0,3,0,4,0,0,0,0,7.0,0.1429,0.0714,0.2381,0.1667,0.5238,0.119,0.0952,0.0
PG015,56,2,3,3,1,2,0,0,17,9,7,7,3,0,1,3,4,0,0,0,0,18.6667,0.0536,0.0179,0.3036,0.1607,0.7143,0.0536,0.0714,0.0
PG016,48,2,5,5,2,3,0,0,13,10,6,0,8,0,2,1,1,0,0,0,1,9.6,0.1042,0.0417,0.2708,0.2083,0.6042,0.1667,0.0208,0.0
PG017,62,3,7,7,3,4,0,0,15,12,9,0,5,0,3,5,3,0,0,0,1,8.8571,0.1129,0.0484,0.2419,0.1935,0.5806,0.0806,0.0484,0.0
PG018,94,2,20,20,6,14,0,0,24,16,8,6,7,0,6,4,1,0,0,0,4,4.7,0.2128,0.0638,0.2553,0.1702,0.5745,0.0745,0.0106,0.0
PG019,68,2,13,13,5,8,0,0,18,14,8,0,1,5,5,1,1,0,0,0,1,5.2308,0.1912,0.0735,0.2647,0.2059,0.5882,0.0882,0.0147,0.0
PG020,56,2,4,4,1,3,0,0,12,14,8,8,2,0,1,2,3,0,0,0,1,14.0,0.0714,0.0179,0.2143,0.25,0.75,0.0357,0.0536,0.0
PG021,51,2,4,4,1,3,0,0,12,8,5,1,15,0,1,1,2,0,0,0,1,12.75,0.0784,0.0196,0.2353,0.1569,0.5098,0.2941,0.0392,0.0
PG022,65,2,11,11,3,8,0,0,14,12,8,2,9,0,3,2,2,0,0,0,2,5.9091,0.1692,0.0462,0.2154,0.1846,0.5538,0.1385,0.0308,0.0
PG023,48,2,2,0,0,0,0,0,11,7,3,0,24,0,0,0,1,0,0,0,0,24.0,0.0,0.0,0.2292,0.1458,0.4375,0.5,0.0208,0.0
PG024,55,2,4,4,1,3,0,0,18,9,6,0,14,0,1,0,1,0,0,0,1,13.75,0.0727,0.0182,0.3273,0.1636,0.6,0.2545,0.0182,0.0
PG025,49,3,6,6,2,4,0,0,10,10,7,5,1,0,2,3,2,0,0,0,2,8.1667,0.1224,0.0408,0.2041,0.2041,0.6531,0.0204,0.0408,0.0
PG026,93,2,16,16,6,10,0,0,26,14,9,5,4,0,6,10,1,0,0,0,2,5.8125,0.172,0.0645,0.2796,0.1505,0.5806,0.043,0.0108,0.0
PG027,62,2,6,6,2,4,0,0,14,11,10,6,1,0,3,4,4,0,0,1,1,10.3333,0.0968,0.0323,0.2258,0.1774,0.6613,0.0161,0.0645,0.0
PG028,98,2,12,12,5,7,0,0,26,17,11,7,7,0,5,8,2,0,1,0,2,8.1667,0.1224,0.051,0.2653,0.1735,0.6224,0.0714,0.0204,0.0102
PG029,55,2,5,5,2,3,0,0,15,9,8,7,2,0,2,3,2,0,0,0,1,11.0,0.0909,0.0364,0.2727,0.1636,0.7091,0.0364,0.0364,0.0
PG030,119,4,10,10,3,7,0,0,34,21,12,18,11,0,3,2,4,0,0,0,1,11.9,0.084,0.0252,0.2857,0.1765,0.7143,0.0924,0.0336,0.0
PG031,127,4,12,12,6,6,0,0,45,18,14,9,8,0,6,6,5,0,0,0,1,10.5833,0.0945,0.0472,0.3543,0.1417,0.6772,0.063,0.0394,0.0
PG032,67,2,6,6,2,4,0,0,21,11,9,7,4,0,2,3,2,0,0,0,1,11.1667,0.0896,0.0299,0.3134,0.1642,0.7164,0.0597,0.0299,0.0
PG033,73,2,16,15,4,11,1,0,13,14,7,1,1,0,6,3,2,0,0,2,1,4.5625,0.2055,0.0548,0.1781,0.1918,0.4795,0.0137,0.0274,0.0
PG034,81,2,12,11,1,10,1,0,21,16,10,3,6,0,1,2,2,0,0,0,1,6.75,0.1358,0.0123,0.2593,0.1975,0.6173,0.0741,0.0247,0.0
PG035,65,2,15,15,7,8,0,0,12,15,8,0,3,0,7,0,3,0,0,0,0,4.3333,0.2308,0.1077,0.1846,0.2308,0.5385,0.0462,0.0462,0.0
PG036,40,2,6,6,2,4,0,0,8,8,5,0,7,0,2,0,2,0,0,0,1,6.6667,0.15,0.05,0.2,0.2,0.525,0.175,0.05,0.0
PG037,147,2,22,22,6,16,0,0,37,20,14,11,13,0,6,18,2,0,2,0,4,6.6818,0.1497,0.0408,0.2517,0.1361,0.5578,0.0884,0.0136,0.0136
PG038,79,3,4,4,1,3,0,0,24,16,13,0,2,10,1,1,5,0,0,0,1,19.75,0.0506,0.0127,0.3038,0.2025,0.6709,0.1519,0.0633,0.0
PG039,183,4,26,26,9,17,0,0,46,26,18,24,13,0,9,9,6,0,2,0,3,7.0385,0.1421,0.0492,0.2514,0.1421,0.623,0.071,0.0328,0.0109
PG040,157,2,14,14,4,10,0,0,46,13,12,23,17,0,4,21,4,0,1,0,2,11.2143,0.0892,0.0255,0.293,0.0828,0.5987,0.1083,0.0255,0.0064
test,53,2,4,4,1,3,0,0,12,9,9,4,4,0,1,5,3,0,0,0,1,13.25,0.0755,0.0189,0.2264,0.1698,0.6415,0.0755,0.0566,0.0
